Column1,Column2,Column3,Column4,Column5,Column6,Column7,Column8,Column9,Column10,Column11,Column12,Column13,Column14,Column15,CGI_ID,SPID,evalue,Description
C26522,679,681,HYPO,C26522,GLEAN,mRNA,113,3849,0.480927,+,.,,CGI_10000311,,,,,
C30046,1086,1088,HYPER,C30046,GLEAN,mRNA,202,6592,0.480335,+,.,,CGI_10000591,,CGI_10000591,Q71LX4,4E-69,Talin-2
C30046,4212,4214,HYPER,C30046,GLEAN,mRNA,202,6592,0.480335,+,.,,CGI_10000591,,CGI_10000591,Q71LX4,4E-69,Talin-2
C30046,512,514,HYPER,C30046,GLEAN,mRNA,202,6592,0.480335,+,.,,CGI_10000591,,CGI_10000591,Q71LX4,4E-69,Talin-2
C30046,4769,4771,HYPER,C30046,GLEAN,mRNA,202,6592,0.480335,+,.,,CGI_10000591,,CGI_10000591,Q71LX4,4E-69,Talin-2
C30046,521,523,HYPER,C30046,GLEAN,mRNA,202,6592,0.480335,+,.,,CGI_10000591,,CGI_10000591,Q71LX4,4E-69,Talin-2
C30046,5384,5386,HYPER,C30046,GLEAN,mRNA,202,6592,0.480335,+,.,,CGI_10000591,,CGI_10000591,Q71LX4,4E-69,Talin-2
C30046,1001,1003,HYPER,C30046,GLEAN,mRNA,202,6592,0.480335,+,.,,CGI_10000591,,CGI_10000591,Q71LX4,4E-69,Talin-2
scaffold462,3201,3203,HYPO,scaffold462,GLEAN,mRNA,1402,8627,1,+,.,,CGI_10000714,,CGI_10000714,P17342,3E-07,Atrial natriuretic peptide receptor 3
C32812,7765,7767,HYPER,C32812,GLEAN,mRNA,130,11753,0.999942,+,.,,CGI_10000953,,CGI_10000953,P0CY46,5E-99,Epidermal growth factor receptor
scaffold33248,7546,7548,HYPER,scaffold33248,GLEAN,mRNA,1413,11752,0.997949,+,.,,CGI_10000979,,CGI_10000979,Q071E0,4E-13,N-lysine methyltransferase SETD8-A
scaffold33248,8956,8958,HYPER,scaffold33248,GLEAN,mRNA,1413,11752,0.997949,+,.,,CGI_10000979,,CGI_10000979,Q071E0,4E-13,N-lysine methyltransferase SETD8-A
C33148,10217,10219,HYPER,C33148,GLEAN,mRNA,5142,11739,0.999994,-,.,,CGI_10001003,,CGI_10001003,A6QQY2,2E-11,Kelch-like protein 13
scaffold1087,9508,9510,HYPER,scaffold1087,GLEAN,mRNA,1458,16224,0.544547,+,.,,CGI_10001183,,,,,
scaffold1087,14492,14494,HYPO,scaffold1087,GLEAN,mRNA,1458,16224,0.544547,+,.,,CGI_10001183,,,,,
scaffold1140,2531,2533,HYPO,scaffold1140,GLEAN,mRNA,2113,2826,0.998504,-,.,,CGI_10001239,,,,,
scaffold1140,2541,2543,HYPO,scaffold1140,GLEAN,mRNA,2113,2826,0.998504,-,.,,CGI_10001239,,,,,
C34600,10308,10310,HYPER,C34600,GLEAN,mRNA,8391,19305,0.999866,-,.,,CGI_10001325,,CGI_10001325,Q9P225,0,"Dynein heavy chain 2, axonemal"
C35548,16442,16444,HYPER,C35548,GLEAN,mRNA,12842,23964,0.920772,+,.,,CGI_10001549,,CGI_10001549,Q6AYJ4,1E-11,Meiotic recombination protein REC8 homolog
scaffold35680,10163,10165,HYPER,scaffold35680,GLEAN,mRNA,4803,10626,0.499735,+,.,,CGI_10001584,,CGI_10001584,Q9Y345,7E-95,Sodium- and chloride-dependent glycine transporter 2
scaffold246,15951,15953,HYPER,scaffold246,GLEAN,mRNA,9617,19206,0.99755,+,.,,CGI_10001799,,CGI_10001799,Q8BJ48,4E-07,N-acetylglucosamine-1-phosphodiester alpha-N-acetylglucosaminidase
scaffold37128,9398,9400,HYPER,scaffold37128,GLEAN,mRNA,3059,12731,1,+,.,,CGI_10002289,,CGI_10002289,Q9Y490,6E-69,Talin-1
scaffold37178,3960,3962,HYPER,scaffold37178,GLEAN,mRNA,3530,5404,0.995199,+,.,,CGI_10002304,,,,,
scaffold37178,4702,4704,HYPO,scaffold37178,GLEAN,mRNA,3530,5404,0.995199,+,.,,CGI_10002304,,,,,
scaffold37178,4964,4966,HYPO,scaffold37178,GLEAN,mRNA,3530,5404,0.995199,+,.,,CGI_10002304,,,,,
scaffold37178,4951,4953,HYPO,scaffold37178,GLEAN,mRNA,3530,5404,0.995199,+,.,,CGI_10002304,,,,,
scaffold37178,4370,4372,HYPO,scaffold37178,GLEAN,mRNA,3530,5404,0.995199,+,.,,CGI_10002304,,,,,
scaffold1795,28255,28257,HYPER,scaffold1795,GLEAN,mRNA,18552,37970,0.995922,+,.,,CGI_10002547,,CGI_10002547,Q5ZLT0,0,Exportin-7
scaffold38148,12215,12217,HYPER,scaffold38148,GLEAN,mRNA,11615,16775,1,+,.,,CGI_10002642,,CGI_10002642,Q86SZ2,3E-73,Trafficking protein particle complex subunit 6B
scaffold38190,37455,37457,HYPER,scaffold38190,GLEAN,mRNA,35056,50913,0.645487,-,.,,CGI_10002645,,CGI_10002645,Q9PT60,2E-15,RalA-binding protein 1-A
scaffold38190,35733,35735,HYPER,scaffold38190,GLEAN,mRNA,35056,50913,0.645487,-,.,,CGI_10002645,,CGI_10002645,Q9PT60,2E-15,RalA-binding protein 1-A
scaffold93,4918,4920,HYPER,scaffold93,GLEAN,mRNA,1549,15455,1,-,.,,CGI_10002717,,CGI_10002717,Q8IXR9,1E-20,.
scaffold93,4902,4904,HYPER,scaffold93,GLEAN,mRNA,1549,15455,1,-,.,,CGI_10002717,,CGI_10002717,Q8IXR9,1E-20,.
scaffold93,4907,4909,HYPER,scaffold93,GLEAN,mRNA,1549,15455,1,-,.,,CGI_10002717,,CGI_10002717,Q8IXR9,1E-20,.
scaffold38364,13631,13633,HYPO,scaffold38364,GLEAN,mRNA,13434,14450,0.986568,+,.,,CGI_10002730,,,,,
scaffold38596,37310,37312,HYPO,scaffold38596,GLEAN,mRNA,30942,40704,1,+,.,,CGI_10002860,,CGI_10002860,Q8R508,2E-16,Protocadherin Fat 3
scaffold38596,37326,37328,HYPO,scaffold38596,GLEAN,mRNA,30942,40704,1,+,.,,CGI_10002860,,CGI_10002860,Q8R508,2E-16,Protocadherin Fat 3
scaffold643,18328,18330,HYPO,scaffold643,GLEAN,mRNA,16056,21326,0.999072,-,.,,CGI_10002914,,,,,
scaffold38700,6310,6312,HYPER,scaffold38700,GLEAN,mRNA,5074,11032,1,+,.,,CGI_10002937,,CGI_10002937,Q5RCY2,9E-46,ADP-sugar pyrophosphatase
scaffold38700,7224,7226,HYPER,scaffold38700,GLEAN,mRNA,5074,11032,1,+,.,,CGI_10002937,,CGI_10002937,Q5RCY2,9E-46,ADP-sugar pyrophosphatase
scaffold38828,19740,19742,HYPER,scaffold38828,GLEAN,mRNA,14375,27722,0.444192,-,.,,CGI_10002999,,CGI_10002999,P13670,4E-124,"N,N'-diacetylchitobiase"
scaffold39134,51006,51008,HYPER,scaffold39134,GLEAN,mRNA,34908,61448,0.78688,-,.,,CGI_10003186,,CGI_10003186,P46467,4E-177,Vacuolar protein sorting-associated protein 4B
scaffold39134,51003,51005,HYPER,scaffold39134,GLEAN,mRNA,34908,61448,0.78688,-,.,,CGI_10003186,,CGI_10003186,P46467,4E-177,Vacuolar protein sorting-associated protein 4B
scaffold39258,33585,33587,HYPER,scaffold39258,GLEAN,mRNA,28234,36100,0.999689,-,.,,CGI_10003264,,CGI_10003264,Q9VAC5,4E-90,ADAM 17-like protease
scaffold39268,51242,51244,HYPO,scaffold39268,GLEAN,mRNA,37983,58849,0.736622,-,.,,CGI_10003275,,,,,
scaffold39268,51251,51253,HYPO,scaffold39268,GLEAN,mRNA,37983,58849,0.736622,-,.,,CGI_10003275,,,,,
scaffold39364,51726,51728,HYPO,scaffold39364,GLEAN,mRNA,51418,54689,1,-,.,,CGI_10003333,,CGI_10003333,A1YGA2,1E-13,Homeobox expressed in ES cells 1
scaffold39364,51732,51734,HYPO,scaffold39364,GLEAN,mRNA,51418,54689,1,-,.,,CGI_10003333,,CGI_10003333,A1YGA2,1E-13,Homeobox expressed in ES cells 1
scaffold39470,19824,19826,HYPER,scaffold39470,GLEAN,mRNA,18519,32880,0.998788,-,.,,CGI_10003379,,CGI_10003379,Q8VCE1,1E-67,DnaJ homolog subfamily C member 28
scaffold1847,72346,72348,HYPO,scaffold1847,GLEAN,mRNA,72284,72580,0.996199,+,.,,CGI_10003460,,,,,
scaffold1847,72421,72423,HYPO,scaffold1847,GLEAN,mRNA,72284,72580,0.996199,+,.,,CGI_10003460,,,,,
scaffold39694,17908,17910,HYPO,scaffold39694,GLEAN,mRNA,11021,25270,0.934576,-,.,,CGI_10003546,,CGI_10003546,Q24372,3E-31,Lachesin
scaffold39694,37692,37694,HYPO,scaffold39694,GLEAN,mRNA,33720,43758,0.99999,-,.,,CGI_10003547,,CGI_10003547,Q24372,9E-31,Lachesin
scaffold39960,58601,58603,HYPO,scaffold39960,GLEAN,mRNA,53974,64597,0.999675,+,.,,CGI_10003758,,CGI_10003758,O46606,2E-152,Phospholipase DDHD1
scaffold40154,5688,5690,HYPER,scaffold40154,GLEAN,mRNA,3558,8285,1,+,.,,CGI_10003873,,,,,
scaffold1177,80700,80702,HYPER,scaffold1177,GLEAN,mRNA,74651,83816,0.937811,+,.,,CGI_10003914,,CGI_10003914,Q71LX4,4E-162,Talin-2
scaffold1177,83665,83667,HYPER,scaffold1177,GLEAN,mRNA,74651,83816,0.937811,+,.,,CGI_10003914,,CGI_10003914,Q71LX4,4E-162,Talin-2
scaffold1177,83610,83612,HYPER,scaffold1177,GLEAN,mRNA,74651,83816,0.937811,+,.,,CGI_10003914,,CGI_10003914,Q71LX4,4E-162,Talin-2
scaffold1177,80685,80687,HYPER,scaffold1177,GLEAN,mRNA,74651,83816,0.937811,+,.,,CGI_10003914,,CGI_10003914,Q71LX4,4E-162,Talin-2
scaffold1177,83640,83642,HYPER,scaffold1177,GLEAN,mRNA,74651,83816,0.937811,+,.,,CGI_10003914,,CGI_10003914,Q71LX4,4E-162,Talin-2
scaffold40162,42913,42915,HYPO,scaffold40162,GLEAN,mRNA,22266,46224,0.998122,+,.,,CGI_10003924,,CGI_10003924,P07207,4E-81,Neurogenic locus Notch protein
scaffold40282,7876,7878,HYPER,scaffold40282,GLEAN,mRNA,4444,11193,0.968916,-,.,,CGI_10003999,,CGI_10003999,Q6TGS6,0,"Tyrosine--tRNA ligase, cytoplasmic"
scaffold40476,87682,87684,HYPER,scaffold40476,GLEAN,mRNA,86850,88366,0.999885,+,.,,CGI_10004152,,,,,
scaffold1782,30703,30705,HYPER,scaffold1782,GLEAN,mRNA,27311,46530,0.718451,+,.,,CGI_10004241,,,,,
scaffold40584,50621,50623,HYPO,scaffold40584,GLEAN,mRNA,39320,59449,0.702301,+,.,,CGI_10004249,,CGI_10004249,Q7SIC1,2E-14,Fucolectin
scaffold40664,8992,8994,HYPO,scaffold40664,GLEAN,mRNA,1758,14277,0.543558,-,.,,CGI_10004328,,CGI_10004328,Q9JMG7,8E-38,Hepatoma-derived growth factor-related protein 3
scaffold1266,27177,27179,HYPER,scaffold1266,GLEAN,mRNA,23079,33478,1,-,.,,CGI_10004344,,CGI_10004344,Q58EN8,6E-174,Vacuolar protein sorting-associated protein 33B
scaffold1266,27180,27182,HYPER,scaffold1266,GLEAN,mRNA,23079,33478,1,-,.,,CGI_10004344,,CGI_10004344,Q58EN8,6E-174,Vacuolar protein sorting-associated protein 33B
scaffold1536,83062,83064,HYPER,scaffold1536,GLEAN,mRNA,69658,89028,0.779284,+,.,,CGI_10004415,,,,,
scaffold1536,83056,83058,HYPER,scaffold1536,GLEAN,mRNA,69658,89028,0.779284,+,.,,CGI_10004415,,,,,
scaffold40874,58400,58402,HYPER,scaffold40874,GLEAN,mRNA,33932,68867,0.729144,+,.,,CGI_10004437,,CGI_10004437,Q3MIF4,2E-169,Xylulose kinase
scaffold40894,41725,41727,HYPO,scaffold40894,GLEAN,mRNA,20214,44382,0.41206,+,.,,CGI_10004536,,CGI_10004536,Q562C7,4E-34,Pumilio domain-containing protein KIAA0020 homolog
scaffold40952,56595,56597,HYPER,scaffold40952,GLEAN,mRNA,55267,57538,0.797605,+,.,,CGI_10004594,,,,,
scaffold40952,57013,57015,HYPER,scaffold40952,GLEAN,mRNA,55267,57538,0.797605,+,.,,CGI_10004594,,,,,
scaffold41162,71819,71821,HYPO,scaffold41162,GLEAN,mRNA,69250,72340,0.651134,+,.,,CGI_10004776,,,,,
scaffold41206,9375,9377,HYPER,scaffold41206,GLEAN,mRNA,8962,13360,0.544839,+,.,,CGI_10004789,,,,,
scaffold41210,13071,13073,HYPO,scaffold41210,GLEAN,mRNA,409,13857,0.999993,+,.,,CGI_10004798,,,,,
scaffold1103,33739,33741,HYPO,scaffold1103,GLEAN,mRNA,24786,37142,0.791674,-,.,,CGI_10004869,,CGI_10004869,Q5RJY2,4E-19,G2/M phase-specific E3 ubiquitin-protein ligase
scaffold1672,63173,63175,HYPER,scaffold1672,GLEAN,mRNA,57333,81461,0.999231,+,.,,CGI_10004942,,CGI_10004942,P97739,1E-25,Endothelin-converting enzyme 1
scaffold534,57814,57816,HYPER,scaffold534,GLEAN,mRNA,53644,59866,0.99917,+,.,,CGI_10005163,,,,,
scaffold41530,112299,112301,HYPO,scaffold41530,GLEAN,mRNA,97101,114213,0.999994,+,.,,CGI_10005191,,,,,
scaffold251,3953,3955,HYPO,scaffold251,GLEAN,mRNA,297,5896,0.734255,+,.,,CGI_10005215,,CGI_10005215,Q9JJI6,7E-98,GPI ethanolamine phosphate transferase 3
scaffold251,24257,24259,HYPO,scaffold251,GLEAN,mRNA,16871,39741,0.998838,-,.,,CGI_10005216,,CGI_10005216,P07902,5E-124,Galactose-1-phosphate uridylyltransferase
scaffold251,24246,24248,HYPO,scaffold251,GLEAN,mRNA,16871,39741,0.998838,-,.,,CGI_10005216,,CGI_10005216,P07902,5E-124,Galactose-1-phosphate uridylyltransferase
scaffold251,24400,24402,HYPER,scaffold251,GLEAN,mRNA,16871,39741,0.998838,-,.,,CGI_10005216,,CGI_10005216,P07902,5E-124,Galactose-1-phosphate uridylyltransferase
scaffold1427,60343,60345,HYPER,scaffold1427,GLEAN,mRNA,53677,60534,0.584287,-,.,,CGI_10005228,,CGI_10005228,P40724,5E-21,ATP-dependent DNA helicase recQ
scaffold41650,24264,24266,HYPO,scaffold41650,GLEAN,mRNA,2732,34982,0.998592,+,.,,CGI_10005337,,CGI_10005337,Q8NE09,2E-11,Regulator of G-protein signaling 22
scaffold667,48603,48605,HYPER,scaffold667,GLEAN,mRNA,44665,51693,0.999675,-,.,,CGI_10005356,,CGI_10005356,O73853,2E-76,"Steroid 17-alpha-hydroxylase/17,20 lyase"
scaffold1639,1870,1872,HYPER,scaffold1639,GLEAN,mRNA,819,3853,1,-,.,,CGI_10005436,,,,,
scaffold1052,38503,38505,HYPER,scaffold1052,GLEAN,mRNA,1917,38966,0.980203,-,.,,CGI_10005467,,CGI_10005467,B2RX88,2E-15,Centrosome and spindle pole associated protein 1
scaffold1052,37466,37468,HYPO,scaffold1052,GLEAN,mRNA,1917,38966,0.980203,-,.,,CGI_10005467,,CGI_10005467,B2RX88,2E-15,Centrosome and spindle pole associated protein 1
scaffold41730,83604,83606,HYPER,scaffold41730,GLEAN,mRNA,83020,103820,0.510974,-,.,,CGI_10005529,,,,,
scaffold1561,102860,102862,HYPER,scaffold1561,GLEAN,mRNA,90687,107153,0.999946,-,.,,CGI_10005694,,CGI_10005694,Q38PU5,2E-122,Glutamate receptor 4
scaffold41890,27308,27310,HYPER,scaffold41890,GLEAN,mRNA,22909,66044,0.901301,-,.,,CGI_10005796,,CGI_10005796,Q2KJY2,2E-129,Kinesin-like protein KIF26B
scaffold41972,102251,102253,HYPER,scaffold41972,GLEAN,mRNA,95224,139840,0.240877,+,.,,CGI_10005862,,CGI_10005862,Q80TR1,3E-09,Latrophilin-1
scaffold41998,70185,70187,HYPER,scaffold41998,GLEAN,mRNA,56008,87098,0.810873,+,.,,CGI_10005913,,CGI_10005913,Q9Y6X9,0,MORC family CW-type zinc finger protein 2
scaffold41998,70179,70181,HYPER,scaffold41998,GLEAN,mRNA,56008,87098,0.810873,+,.,,CGI_10005913,,CGI_10005913,Q9Y6X9,0,MORC family CW-type zinc finger protein 2
scaffold42048,20305,20307,HYPER,scaffold42048,GLEAN,mRNA,7125,26006,1,-,.,,CGI_10006031,,CGI_10006031,Q4R8R3,3E-61,.
scaffold42096,43027,43029,HYPER,scaffold42096,GLEAN,mRNA,40400,59761,0.831831,-,.,,CGI_10006162,,CGI_10006162,Q8BMQ3,3E-15,Zinc finger protein basonuclin-2
scaffold42128,48702,48704,HYPER,scaffold42128,GLEAN,mRNA,41253,58159,0.838265,+,.,,CGI_10006196,,CGI_10006196,Q2EMV9,3E-80,Poly [ADP-ribose] polymerase 14
scaffold42128,113405,113407,HYPO,scaffold42128,GLEAN,mRNA,104720,121214,0.954298,-,.,,CGI_10006199,,CGI_10006199,Q5RAB7,5E-61,Zinc transporter ZIP14
scaffold276,28330,28332,HYPO,scaffold276,GLEAN,mRNA,27405,34935,0.425332,-,.,,CGI_10006435,,CGI_10006435,Q9H0W7,7E-07,THAP domain-containing protein 2
scaffold276,27525,27527,HYPER,scaffold276,GLEAN,mRNA,27405,34935,0.425332,-,.,,CGI_10006435,,CGI_10006435,Q9H0W7,7E-07,THAP domain-containing protein 2
scaffold42252,69233,69235,HYPER,scaffold42252,GLEAN,mRNA,65997,89142,0.811055,-,.,,CGI_10006467,,CGI_10006467,Q9CYF5,7E-102,Williams-Beuren syndrome chromosomal region 16 protein homolog
scaffold42252,69231,69233,HYPER,scaffold42252,GLEAN,mRNA,65997,89142,0.811055,-,.,,CGI_10006467,,CGI_10006467,Q9CYF5,7E-102,Williams-Beuren syndrome chromosomal region 16 protein homolog
scaffold1844,37353,37355,HYPO,scaffold1844,GLEAN,mRNA,23568,47358,0.998732,-,.,,CGI_10006614,,,,,
scaffold42366,104330,104332,HYPER,scaffold42366,GLEAN,mRNA,100436,111648,0.999271,+,.,,CGI_10006702,,CGI_10006702,Q8C9A2,4E-68,Endonuclease V
scaffold1493,40710,40712,HYPER,scaffold1493,GLEAN,mRNA,34742,42344,0.999351,+,.,,CGI_10006738,,CGI_10006738,Q6P4W7,3E-97,Synembryn-A
scaffold1399,148462,148464,HYPO,scaffold1399,GLEAN,mRNA,147816,165074,0.65061,+,.,,CGI_10007057,,CGI_10007057,Q29504,0,Ubiquitin-like modifier-activating enzyme 1
scaffold242,164767,164769,HYPO,scaffold242,GLEAN,mRNA,164175,167164,0.999994,+,.,,CGI_10007088,,,,,
scaffold42516,71860,71862,HYPO,scaffold42516,GLEAN,mRNA,66087,74671,0.495617,-,.,,CGI_10007107,,CGI_10007107,P18735,1E-40,Gastrula zinc finger protein XlCGF7.1
scaffold1631,167550,167552,HYPO,scaffold1631,GLEAN,mRNA,163195,172842,0.969546,-,.,,CGI_10007204,,,,,
scaffold1631,167573,167575,HYPO,scaffold1631,GLEAN,mRNA,163195,172842,0.969546,-,.,,CGI_10007204,,,,,
scaffold992,36901,36903,HYPER,scaffold992,GLEAN,mRNA,31527,46122,0.937041,-,.,,CGI_10007504,,CGI_10007504,Q9BZH6,4E-141,WD repeat-containing protein 11
scaffold992,60402,60404,HYPER,scaffold992,GLEAN,mRNA,58800,81897,0.654733,-,.,,CGI_10007507,,CGI_10007507,Q8K1X1,5E-173,WD repeat-containing protein 11
scaffold992,68344,68346,HYPO,scaffold992,GLEAN,mRNA,58800,81897,0.654733,-,.,,CGI_10007507,,CGI_10007507,Q8K1X1,5E-173,WD repeat-containing protein 11
scaffold1299,112947,112949,HYPO,scaffold1299,GLEAN,mRNA,107766,127470,0.662391,-,.,,CGI_10007583,,CGI_10007583,Q8C790,5E-124,Uncharacterized protein C7orf46 homolog
scaffold42740,36810,36812,HYPER,scaffold42740,GLEAN,mRNA,30864,54777,0.522616,+,.,,CGI_10007607,,CGI_10007607,Q2PZL6,2E-74,Protocadherin Fat 4
scaffold309,38784,38786,HYPER,scaffold309,GLEAN,mRNA,29022,44048,0.840268,+,.,,CGI_10007935,,CGI_10007935,P41241,2E-166,Tyrosine-protein kinase CSK
scaffold42892,192563,192565,HYPO,scaffold42892,GLEAN,mRNA,180298,193297,0.999949,-,.,,CGI_10008010,,,,,
scaffold42892,192561,192563,HYPO,scaffold42892,GLEAN,mRNA,180298,193297,0.999949,-,.,,CGI_10008010,,,,,
scaffold1880,80234,80236,HYPER,scaffold1880,GLEAN,mRNA,5602,92195,0.383639,-,.,,CGI_10008204,,CGI_10008204,O60293,2E-126,Zinc finger C3H1 domain-containing protein
scaffold1880,80223,80225,HYPER,scaffold1880,GLEAN,mRNA,5602,92195,0.383639,-,.,,CGI_10008204,,CGI_10008204,O60293,2E-126,Zinc finger C3H1 domain-containing protein
scaffold1687,27991,27993,HYPER,scaffold1687,GLEAN,mRNA,10240,33056,0.999555,-,.,,CGI_10008388,,CGI_10008388,Q8WZA1,1E-47,"Protein O-linked-mannose beta-1,2-N-acetylglucosaminyltransferase 1"
scaffold43034,125630,125632,HYPER,scaffold43034,GLEAN,mRNA,118054,125928,1,-,.,,CGI_10008474,,CGI_10008474,B5X165,1E-72,Protein SMG9
scaffold43034,193877,193879,HYPER,scaffold43034,GLEAN,mRNA,181808,198215,0.999608,+,.,,CGI_10008481,,,,,
scaffold43028,127324,127326,HYPER,scaffold43028,GLEAN,mRNA,110407,130139,0.470116,+,.,,CGI_10008507,,CGI_10008507,P51855,3E-126,Glutathione synthetase
scaffold1142,97241,97243,HYPER,scaffold1142,GLEAN,mRNA,94253,99896,1,-,.,,CGI_10008530,,CGI_10008530,Q5VVX9,7E-42,Ubiquitin-conjugating enzyme E2 U
scaffold43184,132879,132881,HYPER,scaffold43184,GLEAN,mRNA,129664,149008,0.58027,-,.,,CGI_10009116,,,,,
scaffold1245,14319,14321,HYPER,scaffold1245,GLEAN,mRNA,8846,27165,0.999947,-,.,,CGI_10009218,,,,,
scaffold1733,67696,67698,HYPO,scaffold1733,GLEAN,mRNA,64754,74399,0.999999,+,.,,CGI_10009480,,CGI_10009480,Q9NUN7,1E-22,Alkaline ceramidase 3
scaffold1663,107975,107977,HYPO,scaffold1663,GLEAN,mRNA,68504,119090,0.88293,-,.,,CGI_10009864,,,,,
scaffold143,137341,137343,HYPER,scaffold143,GLEAN,mRNA,117664,149411,0.999949,+,.,,CGI_10010012,,CGI_10010012,O94915,0,Protein furry homolog-like
scaffold1815,219325,219327,HYPER,scaffold1815,GLEAN,mRNA,219267,233312,0.948466,+,.,,CGI_10010270,,CGI_10010270,P54939,2E-28,Talin-1
scaffold1815,219327,219329,HYPER,scaffold1815,GLEAN,mRNA,219267,233312,0.948466,+,.,,CGI_10010270,,CGI_10010270,P54939,2E-28,Talin-1
scaffold1815,221962,221964,HYPO,scaffold1815,GLEAN,mRNA,219267,233312,0.948466,+,.,,CGI_10010270,,CGI_10010270,P54939,2E-28,Talin-1
scaffold1815,222641,222643,HYPO,scaffold1815,GLEAN,mRNA,219267,233312,0.948466,+,.,,CGI_10010270,,CGI_10010270,P54939,2E-28,Talin-1
scaffold43446,128335,128337,HYPO,scaffold43446,GLEAN,mRNA,127759,130645,0.626793,+,.,,CGI_10010399,,CGI_10010399,Q2HJ94,6E-53,DnaJ homolog subfamily A member 2
scaffold43452,148181,148183,HYPO,scaffold43452,GLEAN,mRNA,147634,149397,0.499173,+,.,,CGI_10010482,,CGI_10010482,Q6TFL4,2E-63,Kelch-like protein 24
scaffold1882,150116,150118,HYPO,scaffold1882,GLEAN,mRNA,139430,150969,0.999129,+,.,,CGI_10010506,,CGI_10010506,Q9BXJ4,2E-07,Complement C1q tumor necrosis factor-related protein 3
scaffold1723,39275,39277,HYPO,scaffold1723,GLEAN,mRNA,22879,39393,0.998886,+,.,,CGI_10010514,,CGI_10010514,O60346,0,PH domain leucine-rich repeat-containing protein phosphatase 1
scaffold1321,43253,43255,HYPER,scaffold1321,GLEAN,mRNA,23658,52155,0.377682,-,.,,CGI_10010658,,CGI_10010658,O88281,9E-64,Multiple epidermal growth factor-like domains protein 6
scaffold1321,43253,43255,HYPER,scaffold1321,GLEAN,mRNA,28179,44937,0.648346,+,.,,CGI_10010659,,,,,
scaffold43562,51374,51376,HYPO,scaffold43562,GLEAN,mRNA,921,63783,0.694747,+,.,,CGI_10011029,,CGI_10011029,Q6V0I7,0,Protocadherin Fat 4
scaffold917,198443,198445,HYPER,scaffold917,GLEAN,mRNA,184969,208943,0.276773,+,.,,CGI_10011087,,CGI_10011087,Q642P2,0,Protein dopey-2
scaffold230,106551,106553,HYPER,scaffold230,GLEAN,mRNA,99722,112063,0.761207,+,.,,CGI_10011250,,CGI_10011250,O76329,1E-09,Interaptin
scaffold230,227815,227817,HYPER,scaffold230,GLEAN,mRNA,221247,246633,0.544526,-,.,,CGI_10011253,,CGI_10011253,Q923L3,4E-18,CUB and sushi domain-containing protein 1
scaffold1821,112683,112685,HYPO,scaffold1821,GLEAN,mRNA,105566,114791,0.889829,-,.,,CGI_10011285,,CGI_10011285,O42976,4E-17,Uncharacterized membrane protein C20F10.07
scaffold206,80423,80425,HYPO,scaffold206,GLEAN,mRNA,57948,87960,0.702119,+,.,,CGI_10011372,,CGI_10011372,Q5BK09,3E-08,DNA damage-regulated autophagy modulator protein 2
scaffold1527,253614,253616,HYPER,scaffold1527,GLEAN,mRNA,248551,254506,0.999999,+,.,,CGI_10011618,,,,,
scaffold787,281776,281778,HYPER,scaffold787,GLEAN,mRNA,277533,291587,1,-,.,,CGI_10011652,,CGI_10011652,Q8JG64,0,Protein disulfide-isomerase A3
scaffold43660,166430,166432,HYPER,scaffold43660,GLEAN,mRNA,158768,189009,0.999991,-,.,,CGI_10011666,,CGI_10011666,Q91WF7,0,Polyphosphoinositide phosphatase
scaffold43702,109638,109640,HYPER,scaffold43702,GLEAN,mRNA,101702,117816,0.999998,+,.,,CGI_10011904,,CGI_10011904,Q14028,1E-144,Cyclic nucleotide-gated cation channel beta-1
scaffold43708,795,797,HYPO,scaffold43708,GLEAN,mRNA,225,22019,0.959931,-,.,,CGI_10011964,,CGI_10011964,Q9Y490,0,Talin-1
scaffold43708,2985,2987,HYPER,scaffold43708,GLEAN,mRNA,225,22019,0.959931,-,.,,CGI_10011964,,CGI_10011964,Q9Y490,0,Talin-1
scaffold43708,771,773,HYPER,scaffold43708,GLEAN,mRNA,225,22019,0.959931,-,.,,CGI_10011964,,CGI_10011964,Q9Y490,0,Talin-1
scaffold852,52793,52795,HYPER,scaffold852,GLEAN,mRNA,46446,54395,0.990384,-,.,,CGI_10012034,,,,,
scaffold722,206838,206840,HYPER,scaffold722,GLEAN,mRNA,201904,208807,0.999977,+,.,,CGI_10012200,,CGI_10012200,Q96B26,8E-95,Exosome complex component RRP43
scaffold1805,189237,189239,HYPER,scaffold1805,GLEAN,mRNA,188325,198272,0.999673,+,.,,CGI_10012444,,CGI_10012444,A0AVT1,2E-113,Ubiquitin-like modifier-activating enzyme 6
scaffold1792,167217,167219,HYPO,scaffold1792,GLEAN,mRNA,152815,185116,0.95907,+,.,,CGI_10012746,,CGI_10012746,P52034,4E-148,6-phosphofructokinase
scaffold1792,165751,165753,HYPO,scaffold1792,GLEAN,mRNA,152815,185116,0.95907,+,.,,CGI_10012746,,CGI_10012746,P52034,4E-148,6-phosphofructokinase
scaffold1533,136610,136612,HYPO,scaffold1533,GLEAN,mRNA,132420,138063,1,+,.,,CGI_10012869,,CGI_10012869,Q5F4A1,3E-12,G2/M phase-specific E3 ubiquitin-protein ligase
scaffold1533,136605,136607,HYPO,scaffold1533,GLEAN,mRNA,132420,138063,1,+,.,,CGI_10012869,,CGI_10012869,Q5F4A1,3E-12,G2/M phase-specific E3 ubiquitin-protein ligase
scaffold223,203208,203210,HYPER,scaffold223,GLEAN,mRNA,193426,207514,0.478695,+,.,,CGI_10012914,,CGI_10012914,O60294,4E-79,Leucine carboxyl methyltransferase 2
scaffold1717,71768,71770,HYPO,scaffold1717,GLEAN,mRNA,58116,75262,0.980383,+,.,,CGI_10013391,,CGI_10013391,Q495B1,3E-118,Ankyrin repeat and death domain-containing protein 1A
scaffold1899,291330,291332,HYPER,scaffold1899,GLEAN,mRNA,279964,294548,0.999351,+,.,,CGI_10013621,,,,,
scaffold660,271099,271101,HYPER,scaffold660,GLEAN,mRNA,262918,272091,0.750852,-,.,,CGI_10013757,,CGI_10013757,O00533,4E-18,Neural cell adhesion molecule L1-like protein
scaffold1860,178219,178221,HYPO,scaffold1860,GLEAN,mRNA,172445,186766,0.996819,-,.,,CGI_10013947,,CGI_10013947,P23880,4E-51,Serine/threonine-protein phosphatase PP1-2
scaffold1144,57837,57839,HYPO,scaffold1144,GLEAN,mRNA,53280,65120,0.999573,+,.,,CGI_10013956,,CGI_10013956,Q0P595,2E-136,NAD-dependent deacetylase sirtuin-7
scaffold1144,57837,57839,HYPO,scaffold1144,GLEAN,mRNA,53914,78184,0.582371,-,.,,CGI_10013957,,,,,
scaffold440,156056,156058,HYPER,scaffold440,GLEAN,mRNA,152022,177214,0.544847,+,.,,CGI_10014136,,CGI_10014136,P35992,4E-180,Tyrosine-protein phosphatase 10D
scaffold753,232653,232655,HYPO,scaffold753,GLEAN,mRNA,224056,235787,0.338017,+,.,,CGI_10014206,,CGI_10014206,P41437,1E-08,E3 ubiquitin-protein ligase IAP-3
scaffold1838,368022,368024,HYPER,scaffold1838,GLEAN,mRNA,361613,368125,0.631432,+,.,,CGI_10014266,,CGI_10014266,Q3T099,2E-19,"Tryptophan--tRNA ligase, mitochondrial"
scaffold737,221014,221016,HYPER,scaffold737,GLEAN,mRNA,207639,239787,0.997526,-,.,,CGI_10014314,,CGI_10014314,O75891,0,Cytosolic 10-formyltetrahydrofolate dehydrogenase
scaffold737,221025,221027,HYPER,scaffold737,GLEAN,mRNA,207639,239787,0.997526,-,.,,CGI_10014314,,CGI_10014314,O75891,0,Cytosolic 10-formyltetrahydrofolate dehydrogenase
scaffold737,221030,221032,HYPER,scaffold737,GLEAN,mRNA,207639,239787,0.997526,-,.,,CGI_10014314,,CGI_10014314,O75891,0,Cytosolic 10-formyltetrahydrofolate dehydrogenase
scaffold737,341119,341121,HYPER,scaffold737,GLEAN,mRNA,331288,358902,0.992082,+,.,,CGI_10014319,,CGI_10014319,Q56A06,0,Transmembrane and TPR repeat-containing protein 2
scaffold737,344884,344886,HYPER,scaffold737,GLEAN,mRNA,331288,358902,0.992082,+,.,,CGI_10014319,,CGI_10014319,Q56A06,0,Transmembrane and TPR repeat-containing protein 2
scaffold43964,278008,278010,HYPER,scaffold43964,GLEAN,mRNA,268452,286873,0.52614,+,.,,CGI_10014654,,,,,
scaffold43964,357362,357364,HYPER,scaffold43964,GLEAN,mRNA,346823,375363,0.925869,-,.,,CGI_10014662,,CGI_10014662,Q9JM99,9E-10,Proteoglycan 4
scaffold681,291754,291756,HYPER,scaffold681,GLEAN,mRNA,286098,294327,0.814576,-,.,,CGI_10014734,,CGI_10014734,D2GXS7,6E-08,Tripartite motif-containing protein 2
scaffold655,276689,276691,HYPER,scaffold655,GLEAN,mRNA,274961,286813,0.999825,-,.,,CGI_10014957,,CGI_10014957,A0JM23,0,Nephrocystin-3
scaffold453,307879,307881,HYPER,scaffold453,GLEAN,mRNA,301139,318550,0.0783565,+,.,,CGI_10015048,,,,,
scaffold71,111644,111646,HYPER,scaffold71,GLEAN,mRNA,91987,115622,0.681585,+,.,,CGI_10015053,,CGI_10015053,Q8WSR4,0,"Inositol 1,4,5-trisphosphate receptor"
scaffold90,395255,395257,HYPER,scaffold90,GLEAN,mRNA,383801,400055,0.756327,-,.,,CGI_10015174,,CGI_10015174,P49013,2E-55,Fibropellin-3
scaffold1835,143837,143839,HYPER,scaffold1835,GLEAN,mRNA,124947,147613,0.981821,+,.,,CGI_10015183,,CGI_10015183,Q9UHN6,9E-97,Transmembrane protein 2
scaffold1835,143837,143839,HYPER,scaffold1835,GLEAN,mRNA,141720,155266,0.999676,-,.,,CGI_10015184,,CGI_10015184,P15822,1E-41,Zinc finger protein 40
scaffold193,268872,268874,HYPER,scaffold193,GLEAN,mRNA,245779,268914,0.906792,-,.,,CGI_10015232,,,,,
scaffold193,268872,268874,HYPER,scaffold193,GLEAN,mRNA,267707,270094,0.999325,+,.,,CGI_10015233,,CGI_10015233,O70277,4E-14,Tripartite motif-containing protein 3
scaffold44008,261781,261783,HYPER,scaffold44008,GLEAN,mRNA,252443,265115,0.568595,-,.,,CGI_10015297,,CGI_10015297,Q9ER74,3E-54,Sal-like protein 1
scaffold165,394979,394981,HYPER,scaffold165,GLEAN,mRNA,389788,399015,0.499576,+,.,,CGI_10015332,,CGI_10015332,Q3UGF1,0,WD repeat-containing protein 19
scaffold165,394981,394983,HYPER,scaffold165,GLEAN,mRNA,389788,399015,0.499576,+,.,,CGI_10015332,,CGI_10015332,Q3UGF1,0,WD repeat-containing protein 19
scaffold44006,309053,309055,HYPO,scaffold44006,GLEAN,mRNA,289906,312494,0.794504,+,.,,CGI_10015583,,CGI_10015583,O14638,3E-141,Ectonucleotide pyrophosphatase/phosphodiesterase family member 3
scaffold1372,270567,270569,HYPO,scaffold1372,GLEAN,mRNA,269337,291204,0.998088,-,.,,CGI_10015667,,CGI_10015667,Q99MW1,3E-43,Serine/threonine-protein kinase 31
scaffold802,256337,256339,HYPER,scaffold802,GLEAN,mRNA,228542,309723,0.288686,-,.,,CGI_10015729,,CGI_10015729,Q6ZWR6,0,Nesprin-1
scaffold499,279885,279887,HYPER,scaffold499,GLEAN,mRNA,272003,300500,0.695514,-,.,,CGI_10015769,,CGI_10015769,Q20681,6E-10,.
scaffold987,133441,133443,HYPER,scaffold987,GLEAN,mRNA,111206,157528,0.998975,-,.,,CGI_10015840,,CGI_10015840,Q6ZRS2,2E-50,Helicase SRCAP
scaffold987,387096,387098,HYPO,scaffold987,GLEAN,mRNA,382260,388893,0.990349,+,.,,CGI_10015854,,CGI_10015854,Q8NFW9,7E-24,Rab effector MyRIP
scaffold1293,302144,302146,HYPO,scaffold1293,GLEAN,mRNA,288331,314169,0.794425,-,.,,CGI_10015868,,CGI_10015868,Q9Y6P5,2E-147,Sestrin-1
scaffold1574,410418,410420,HYPER,scaffold1574,GLEAN,mRNA,392417,431082,0.647136,+,.,,CGI_10016331,,CGI_10016331,Q9VVE5,2E-102,RNA-binding protein Musashi homolog Rbp6
scaffold61,134728,134730,HYPO,scaffold61,GLEAN,mRNA,132697,137017,1,+,.,,CGI_10016345,,,,,
scaffold61,166699,166701,HYPER,scaffold61,GLEAN,mRNA,164819,186758,0.205101,-,.,,CGI_10016346,,,,,
scaffold594,382906,382908,HYPER,scaffold594,GLEAN,mRNA,360724,407601,0.439563,+,.,,CGI_10016389,,CGI_10016389,Q9BYB0,1E-109,SH3 and multiple ankyrin repeat domains protein 3
scaffold1800,4133,4135,HYPER,scaffold1800,GLEAN,mRNA,806,94076,0.179817,+,.,,CGI_10016397,,CGI_10016397,Q8BRH4,1E-117,Histone-lysine N-methyltransferase MLL3
scaffold714,270766,270768,HYPER,scaffold714,GLEAN,mRNA,247457,275977,0.677949,+,.,,CGI_10016643,,CGI_10016643,A5PJZ2,2E-61,Protein phosphatase 1L
scaffold44064,464571,464573,HYPER,scaffold44064,GLEAN,mRNA,456029,475095,0.989529,+,.,,CGI_10016786,,CGI_10016786,Q13315,1E-07,Serine-protein kinase ATM
scaffold44064,468346,468348,HYPER,scaffold44064,GLEAN,mRNA,456029,475095,0.989529,+,.,,CGI_10016786,,CGI_10016786,Q13315,1E-07,Serine-protein kinase ATM
scaffold44064,466846,466848,HYPER,scaffold44064,GLEAN,mRNA,456029,475095,0.989529,+,.,,CGI_10016786,,CGI_10016786,Q13315,1E-07,Serine-protein kinase ATM
scaffold44064,468699,468701,HYPO,scaffold44064,GLEAN,mRNA,456029,475095,0.989529,+,.,,CGI_10016786,,CGI_10016786,Q13315,1E-07,Serine-protein kinase ATM
scaffold44064,468699,468701,HYPO,scaffold44064,GLEAN,mRNA,459640,479605,0.642723,-,.,,CGI_10016787,,CGI_10016787,Q5ND28,3E-26,Scavenger receptor class F member 1
scaffold44064,466846,466848,HYPER,scaffold44064,GLEAN,mRNA,459640,479605,0.642723,-,.,,CGI_10016787,,CGI_10016787,Q5ND28,3E-26,Scavenger receptor class F member 1
scaffold44064,468346,468348,HYPER,scaffold44064,GLEAN,mRNA,459640,479605,0.642723,-,.,,CGI_10016787,,CGI_10016787,Q5ND28,3E-26,Scavenger receptor class F member 1
scaffold44064,464571,464573,HYPER,scaffold44064,GLEAN,mRNA,459640,479605,0.642723,-,.,,CGI_10016787,,CGI_10016787,Q5ND28,3E-26,Scavenger receptor class F member 1
scaffold556,278954,278956,HYPER,scaffold556,GLEAN,mRNA,272202,380485,0.387115,-,.,,CGI_10016806,,CGI_10016806,A2ASS6,0,Titin
scaffold1016,15064,15066,HYPER,scaffold1016,GLEAN,mRNA,9814,15451,1,+,.,,CGI_10016883,,CGI_10016883,Q6DCU7,3E-77,Uncharacterized protein C11orf73 homolog
scaffold335,479122,479124,HYPER,scaffold335,GLEAN,mRNA,469736,479813,0.288148,+,.,,CGI_10017112,,CGI_10017112,P10983,8E-154,Actin-1/3
scaffold794,341740,341742,HYPER,scaffold794,GLEAN,mRNA,339806,342454,0.593383,+,.,,CGI_10017157,,,,,
scaffold248,483968,483970,HYPER,scaffold248,GLEAN,mRNA,483285,484196,0.965913,+,.,,CGI_10017238,,,,,
scaffold1350,453167,453169,HYPER,scaffold1350,GLEAN,mRNA,448816,473345,0.450856,-,.,,CGI_10017319,,,,,
scaffold1670,152283,152285,HYPER,scaffold1670,GLEAN,mRNA,150870,175640,0.999639,-,.,,CGI_10017604,,,,,
scaffold1521,471627,471629,HYPER,scaffold1521,GLEAN,mRNA,468391,472426,1,+,.,,CGI_10017958,,CGI_10017958,P08228,5E-76,Superoxide dismutase [Cu-Zn]
scaffold12,463944,463946,HYPER,scaffold12,GLEAN,mRNA,459176,498976,0.706488,-,.,,CGI_10018051,,,,,
scaffold622,462829,462831,HYPER,scaffold622,GLEAN,mRNA,462232,465611,0.57519,+,.,,CGI_10018219,,CGI_10018219,P52434,2E-61,"DNA-directed RNA polymerases I, II, and III subunit RPABC3"
scaffold622,462837,462839,HYPER,scaffold622,GLEAN,mRNA,462232,465611,0.57519,+,.,,CGI_10018219,,CGI_10018219,P52434,2E-61,"DNA-directed RNA polymerases I, II, and III subunit RPABC3"
scaffold1737,475357,475359,HYPER,scaffold1737,GLEAN,mRNA,465811,530668,0.60401,-,.,,CGI_10018256,,CGI_10018256,Q86U86,0,Protein polybromo-1
scaffold1352,219287,219289,HYPO,scaffold1352,GLEAN,mRNA,212932,230879,0.392918,-,.,,CGI_10018413,,,,,
scaffold632,102653,102655,HYPO,scaffold632,GLEAN,mRNA,94211,107626,0.991776,+,.,,CGI_10018438,,CGI_10018438,E7FDW8,1E-06,Tudor domain-containing protein 7B
scaffold632,102653,102655,HYPO,scaffold632,GLEAN,mRNA,102593,110874,0.69366,-,.,,CGI_10018439,,CGI_10018439,Q86W10,5E-13,Cytochrome P450 4Z1
scaffold632,394993,394995,HYPER,scaffold632,GLEAN,mRNA,383615,411354,0.813894,-,.,,CGI_10018457,,CGI_10018457,O60266,1E-26,Adenylate cyclase type 3
scaffold1832,231191,231193,HYPER,scaffold1832,GLEAN,mRNA,229484,233533,0.999676,+,.,,CGI_10018471,,,,,
scaffold1832,279746,279748,HYPO,scaffold1832,GLEAN,mRNA,259783,288741,0.670728,-,.,,CGI_10018473,,CGI_10018473,Q8I3Z1,3E-09,MATH and LRR domain-containing protein PFE0570w
scaffold547,118523,118525,HYPER,scaffold547,GLEAN,mRNA,80145,147153,0.730761,+,.,,CGI_10018842,,CGI_10018842,P15381,0,Voltage-dependent L-type calcium channel subunit alpha-1C
scaffold914,502125,502127,HYPER,scaffold914,GLEAN,mRNA,502063,513024,0.981487,-,.,,CGI_10018897,,CGI_10018897,Q5NDL2,4E-30,Uncharacterized glycosyltransferase AER61
scaffold808,423433,423435,HYPER,scaffold808,GLEAN,mRNA,381951,433040,0.813859,+,.,,CGI_10019031,,CGI_10019031,Q9WU70,0,Syntaxin-binding protein 5
scaffold305,277553,277555,HYPER,scaffold305,GLEAN,mRNA,275185,294487,0.987924,-,.,,CGI_10019127,,CGI_10019127,Q0IH24,8E-38,Sperm flagellar protein 1
scaffold305,277563,277565,HYPER,scaffold305,GLEAN,mRNA,275185,294487,0.987924,-,.,,CGI_10019127,,CGI_10019127,Q0IH24,8E-38,Sperm flagellar protein 1
scaffold305,277569,277571,HYPER,scaffold305,GLEAN,mRNA,275185,294487,0.987924,-,.,,CGI_10019127,,CGI_10019127,Q0IH24,8E-38,Sperm flagellar protein 1
scaffold1698,504264,504266,HYPER,scaffold1698,GLEAN,mRNA,503808,514720,0.638313,+,.,,CGI_10019389,,CGI_10019389,Q9Y490,4E-82,Talin-1
scaffold1698,504283,504285,HYPER,scaffold1698,GLEAN,mRNA,503808,514720,0.638313,+,.,,CGI_10019389,,CGI_10019389,Q9Y490,4E-82,Talin-1
scaffold1698,504236,504238,HYPER,scaffold1698,GLEAN,mRNA,503808,514720,0.638313,+,.,,CGI_10019389,,CGI_10019389,Q9Y490,4E-82,Talin-1
scaffold1698,514891,514893,HYPER,scaffold1698,GLEAN,mRNA,514724,532235,0.995153,+,.,,CGI_10019390,,CGI_10019390,Q8TEX9,0,Importin-4
scaffold377,167055,167057,HYPO,scaffold377,GLEAN,mRNA,166451,167839,0.999999,-,.,,CGI_10019406,,CGI_10019406,Q9VZW5,4E-31,FMRFamide receptor
scaffold445,535214,535216,HYPER,scaffold445,GLEAN,mRNA,534739,536160,1,-,.,,CGI_10019453,,,,,
scaffold1322,544805,544807,HYPER,scaffold1322,GLEAN,mRNA,515145,561358,0.581946,+,.,,CGI_10019483,,CGI_10019483,Q9P2N4,0,A disintegrin and metalloproteinase with thrombospondin motifs 9
scaffold1763,110376,110378,HYPER,scaffold1763,GLEAN,mRNA,87924,111548,0.999893,+,.,,CGI_10019527,,CGI_10019527,Q2KHT3,2E-42,.
scaffold1794,255659,255661,HYPO,scaffold1794,GLEAN,mRNA,246428,258270,1,+,.,,CGI_10019579,,CGI_10019579,Q4JIM4,2E-156,Presenilin-1
scaffold1221,85156,85158,HYPO,scaffold1221,GLEAN,mRNA,84840,95252,0.99967,-,.,,CGI_10019730,,,,,
scaffold563,470810,470812,HYPER,scaffold563,GLEAN,mRNA,469996,513756,0.653133,+,.,,CGI_10019843,,CGI_10019843,Q5ND28,3E-18,Scavenger receptor class F member 1
scaffold563,470812,470814,HYPER,scaffold563,GLEAN,mRNA,469996,513756,0.653133,+,.,,CGI_10019843,,CGI_10019843,Q5ND28,3E-18,Scavenger receptor class F member 1
scaffold563,472699,472701,HYPER,scaffold563,GLEAN,mRNA,469996,513756,0.653133,+,.,,CGI_10019843,,CGI_10019843,Q5ND28,3E-18,Scavenger receptor class F member 1
scaffold563,472686,472688,HYPER,scaffold563,GLEAN,mRNA,469996,513756,0.653133,+,.,,CGI_10019843,,CGI_10019843,Q5ND28,3E-18,Scavenger receptor class F member 1
scaffold1788,302504,302506,HYPER,scaffold1788,GLEAN,mRNA,282995,305782,1,-,.,,CGI_10019922,,CGI_10019922,Q99502,4E-153,Eyes absent homolog 1
scaffold461,533253,533255,HYPER,scaffold461,GLEAN,mRNA,527435,541725,0.999946,-,.,,CGI_10020119,,CGI_10020119,Q9HG11,2E-13,Mitogen-activated protein kinase mpkC
scaffold1857,366307,366309,HYPO,scaffold1857,GLEAN,mRNA,366216,366906,1,+,.,,CGI_10020207,,,,,
scaffold522,200698,200700,HYPER,scaffold522,GLEAN,mRNA,186829,202753,0.862649,-,.,,CGI_10020319,,CGI_10020319,Q96BR5,3E-19,Sel1 repeat-containing protein 1
scaffold288,198433,198435,HYPER,scaffold288,GLEAN,mRNA,165543,215886,0.392804,-,.,,CGI_10020660,,CGI_10020660,Q99NH0,6E-21,Ankyrin repeat domain-containing protein 17
scaffold698,373505,373507,HYPER,scaffold698,GLEAN,mRNA,370975,374938,1,-,.,,CGI_10020744,,CGI_10020744,O60921,2E-111,Checkpoint protein HUS1
scaffold1736,90877,90879,HYPER,scaffold1736,GLEAN,mRNA,77728,92718,0.651132,+,.,,CGI_10020951,,CGI_10020951,Q8TC21,5E-24,Zinc finger protein 596
scaffold610,161308,161310,HYPER,scaffold610,GLEAN,mRNA,151610,164982,0.997998,-,.,,CGI_10021094,,CGI_10021094,Q80XC3,6E-151,USP6 N-terminal-like protein
scaffold43,617824,617826,HYPO,scaffold43,GLEAN,mRNA,596864,626438,0.998828,-,.,,CGI_10021364,,CGI_10021364,Q5VX52,9E-21,.
scaffold664,375843,375845,HYPER,scaffold664,GLEAN,mRNA,373118,396523,0.330346,-,.,,CGI_10021447,,,,,
scaffold1750,308727,308729,HYPER,scaffold1750,GLEAN,mRNA,294140,311563,0.999353,-,.,,CGI_10021485,,,,,
scaffold1750,305423,305425,HYPO,scaffold1750,GLEAN,mRNA,294140,311563,0.999353,-,.,,CGI_10021485,,,,,
scaffold128,509147,509149,HYPER,scaffold128,GLEAN,mRNA,501343,510682,0.999996,-,.,,CGI_10021527,,CGI_10021527,Q9UH77,2E-25,Kelch-like protein 3
scaffold973,363192,363194,HYPER,scaffold973,GLEAN,mRNA,354440,370851,0.648316,-,.,,CGI_10021552,,CGI_10021552,Q13905,1E-142,Rap guanine nucleotide exchange factor 1
scaffold237,169334,169336,HYPER,scaffold237,GLEAN,mRNA,150238,179708,0.999347,-,.,,CGI_10021568,,CGI_10021568,Q5VT25,0,Serine/threonine-protein kinase MRCK alpha
scaffold237,286979,286981,HYPER,scaffold237,GLEAN,mRNA,274065,288839,0.584757,+,.,,CGI_10021577,,CGI_10021577,Q13535,9E-102,Serine/threonine-protein kinase ATR
scaffold1315,427488,427490,HYPER,scaffold1315,GLEAN,mRNA,420480,437076,0.999676,+,.,,CGI_10021619,,CGI_10021619,Q26473,3E-141,Semaphorin-1A
scaffold101,176514,176516,HYPO,scaffold101,GLEAN,mRNA,165559,182017,0.813712,-,.,,CGI_10021638,,CGI_10021638,Q99MV5,1E-58,Putative helicase Mov10l1
scaffold599,247332,247334,HYPER,scaffold599,GLEAN,mRNA,243732,256859,0.998754,-,.,,CGI_10021712,,CGI_10021712,Q96I24,3E-95,Far upstream element-binding protein 3
scaffold164,470413,470415,HYPO,scaffold164,GLEAN,mRNA,460036,472158,0.999993,-,.,,CGI_10021871,,CGI_10021871,Q9JK66,2E-63,E3 ubiquitin-protein ligase parkin
scaffold1862,559269,559271,HYPER,scaffold1862,GLEAN,mRNA,540361,570435,0.423254,+,.,,CGI_10021916,,CGI_10021916,Q8C525,2E-07,Protein MB21D2
scaffold106,382176,382178,HYPER,scaffold106,GLEAN,mRNA,362179,402899,0.400764,+,.,,CGI_10022042,,CGI_10022042,Q9UKN7,0,Myosin-XV
scaffold109,358907,358909,HYPER,scaffold109,GLEAN,mRNA,303639,363474,0.446526,-,.,,CGI_10022113,,CGI_10022113,Q92616,4E-125,Translational activator GCN1
scaffold109,391269,391271,HYPO,scaffold109,GLEAN,mRNA,385562,394733,0.521451,-,.,,CGI_10022115,,CGI_10022115,Q3UMB9,3E-158,WASH complex subunit 7
scaffold593,473772,473774,HYPER,scaffold593,GLEAN,mRNA,459481,475074,1,+,.,,CGI_10022530,,CGI_10022530,Q9EPL8,0,Importin-7
scaffold1360,293158,293160,HYPO,scaffold1360,GLEAN,mRNA,284342,300596,0.999939,+,.,,CGI_10022643,,CGI_10022643,Q9UDR5,7E-92,"Alpha-aminoadipic semialdehyde synthase, mitochondrial"
scaffold1360,517825,517827,HYPO,scaffold1360,GLEAN,mRNA,514265,543442,0.465285,-,.,,CGI_10022657,,,,,
scaffold365,272098,272100,HYPER,scaffold365,GLEAN,mRNA,242840,287483,0.709643,+,.,,CGI_10022724,,,,,
scaffold443,697353,697355,HYPER,scaffold443,GLEAN,mRNA,688434,697669,0.184692,+,.,,CGI_10022785,,CGI_10022785,A7TIZ4,1E-06,Serine/threonine-protein kinase atg1
scaffold413,15984,15986,HYPO,scaffold413,GLEAN,mRNA,9716,19114,0.940957,-,.,,CGI_10022791,,CGI_10022791,Q9P225,0,"Dynein heavy chain 2, axonemal"
scaffold169,629231,629233,HYPER,scaffold169,GLEAN,mRNA,628224,637732,0.973288,-,.,,CGI_10022960,,CGI_10022960,Q8RA32,1E-06,DNA polymerase III polC-type
scaffold169,675425,675427,HYPER,scaffold169,GLEAN,mRNA,675340,678641,0.97088,-,.,,CGI_10022962,,,,,
scaffold1703,542198,542200,HYPO,scaffold1703,GLEAN,mRNA,528856,574710,0.728281,-,.,,CGI_10023066,,CGI_10023066,Q9UJF2,1E-163,Ras GTPase-activating protein nGAP
scaffold1703,537548,537550,HYPER,scaffold1703,GLEAN,mRNA,528856,574710,0.728281,-,.,,CGI_10023066,,CGI_10023066,Q9UJF2,1E-163,Ras GTPase-activating protein nGAP
scaffold1703,598703,598705,HYPO,scaffold1703,GLEAN,mRNA,593853,609573,0.584764,+,.,,CGI_10023068,,CGI_10023068,A2VD23,9E-17,Protein starmaker
scaffold1703,665267,665269,HYPER,scaffold1703,GLEAN,mRNA,642760,671813,0.998976,-,.,,CGI_10023072,,CGI_10023072,O61491,3E-165,Flotillin-1
scaffold602,613918,613920,HYPER,scaffold602,GLEAN,mRNA,583910,615175,0.1397,+,.,,CGI_10023196,,CGI_10023196,Q9UGM3,5E-79,Deleted in malignant brain tumors 1 protein
scaffold408,447621,447623,HYPO,scaffold408,GLEAN,mRNA,435819,447676,0.999999,+,.,,CGI_10023239,,CGI_10023239,O08738,3E-31,Caspase-6
scaffold408,447611,447613,HYPO,scaffold408,GLEAN,mRNA,435819,447676,0.999999,+,.,,CGI_10023239,,CGI_10023239,O08738,3E-31,Caspase-6
scaffold695,499424,499426,HYPO,scaffold695,GLEAN,mRNA,472045,519122,0.550762,-,.,,CGI_10023292,,CGI_10023292,Q90344,0,Ephrin type-B receptor 2
scaffold1132,613494,613496,HYPER,scaffold1132,GLEAN,mRNA,597236,637139,1,-,.,,CGI_10023325,,CGI_10023325,Q70E73,3E-79,Ras-associated and pleckstrin homology domains-containing protein 1
scaffold1189,412563,412565,HYPER,scaffold1189,GLEAN,mRNA,405628,418580,0.920284,+,.,,CGI_10023813,,CGI_10023813,Q6NZS4,0,tRNA-splicing ligase RtcB homolog
scaffold406,416826,416828,HYPO,scaffold406,GLEAN,mRNA,402781,436007,0.999901,+,.,,CGI_10023847,,CGI_10023847,Q96RQ3,0,"Methylcrotonoyl-CoA carboxylase subunit alpha, mitochondrial"
scaffold406,411215,411217,HYPER,scaffold406,GLEAN,mRNA,402781,436007,0.999901,+,.,,CGI_10023847,,CGI_10023847,Q96RQ3,0,"Methylcrotonoyl-CoA carboxylase subunit alpha, mitochondrial"
scaffold485,89752,89754,HYPER,scaffold485,GLEAN,mRNA,88950,91386,1,+,.,,CGI_10024140,,CGI_10024140,Q8C8R3,4E-08,Ankyrin-2
scaffold392,568547,568549,HYPER,scaffold392,GLEAN,mRNA,568263,580539,0.974514,-,.,,CGI_10024224,,,,,
scaffold392,747367,747369,HYPER,scaffold392,GLEAN,mRNA,743959,750965,1,-,.,,CGI_10024235,,CGI_10024235,P11029,0,Acetyl-CoA carboxylase
scaffold392,747350,747352,HYPO,scaffold392,GLEAN,mRNA,743959,750965,1,-,.,,CGI_10024235,,CGI_10024235,P11029,0,Acetyl-CoA carboxylase
scaffold1219,188731,188733,HYPO,scaffold1219,GLEAN,mRNA,183505,190496,0.999885,-,.,,CGI_10024254,,,,,
scaffold70,688454,688456,HYPER,scaffold70,GLEAN,mRNA,687125,688593,1,+,.,,CGI_10024787,,CGI_10024787,Q86WQ0,1E-28,Nuclear receptor 2C2-associated protein
scaffold492,515763,515765,HYPER,scaffold492,GLEAN,mRNA,515600,522558,0.964755,-,.,,CGI_10024841,,,,,
scaffold146,683865,683867,HYPER,scaffold146,GLEAN,mRNA,671163,748128,0.737513,-,.,,CGI_10024919,,CGI_10024919,Q39575,6E-173,"Dynein gamma chain, flagellar outer arm"
scaffold1017,767915,767917,HYPO,scaffold1017,GLEAN,mRNA,742194,770876,1,-,.,,CGI_10025025,,CGI_10025025,Q7KRY7,0,Protein lap4
scaffold885,450803,450805,HYPER,scaffold885,GLEAN,mRNA,439898,465472,0.538648,-,.,,CGI_10025206,,CGI_10025206,Q1JPG1,0,.
scaffold885,861963,861965,HYPER,scaffold885,GLEAN,mRNA,861530,866724,1,-,.,,CGI_10025227,,CGI_10025227,O95433,3E-97,Activator of 90 kDa heat shock protein ATPase homolog 1
scaffold82,44748,44750,HYPER,scaffold82,GLEAN,mRNA,33635,48246,0.985053,-,.,,CGI_10025238,,CGI_10025238,Q9N0E7,4E-131,Molybdenum cofactor sulfurase
scaffold149,287108,287110,HYPER,scaffold149,GLEAN,mRNA,286385,302078,0.935125,+,.,,CGI_10025297,,,,,
scaffold149,717335,717337,HYPER,scaffold149,GLEAN,mRNA,708173,717446,0.936556,-,.,,CGI_10025316,,CGI_10025316,Q07343,0,"cAMP-specific 3',5'-cyclic phosphodiesterase 4B"
scaffold226,601164,601166,HYPER,scaffold226,GLEAN,mRNA,600712,611717,0.69992,-,.,,CGI_10025368,,CGI_10025368,Q9CQS5,5E-156,Serine/threonine-protein kinase RIO2
scaffold1423,40197,40199,HYPER,scaffold1423,GLEAN,mRNA,34899,42941,0.725799,+,.,,CGI_10025404,,CGI_10025404,A3KMZ6,7E-66,"Cytochrome c oxidase assembly protein COX11, mitochondrial"
scaffold370,1029362,1029364,HYPER,scaffold370,GLEAN,mRNA,1013864,1033507,0.606623,-,.,,CGI_10025577,,,,,
scaffold370,1029362,1029364,HYPER,scaffold370,GLEAN,mRNA,1027805,1030667,1,+,.,,CGI_10025578,,CGI_10025578,Q9BXL7,2E-07,Caspase recruitment domain-containing protein 11
scaffold733,995617,995619,HYPER,scaffold733,GLEAN,mRNA,978262,1000628,0.999077,-,.,,CGI_10025898,,CGI_10025898,O15943,0,Neural-cadherin
scaffold334,515600,515602,HYPO,scaffold334,GLEAN,mRNA,512087,532591,0.734695,+,.,,CGI_10025945,,CGI_10025945,Q8IVV2,7E-47,Lipoxygenase homology domain-containing protein 1
scaffold1174,738245,738247,HYPO,scaffold1174,GLEAN,mRNA,726733,751514,0.969124,-,.,,CGI_10026063,,CGI_10026063,Q08BC4,2E-120,Uncharacterized protein C4orf37 homolog
scaffold1154,309803,309805,HYPER,scaffold1154,GLEAN,mRNA,300263,342126,0.0862783,-,.,,CGI_10026162,,CGI_10026162,Q9Z0E8,7E-15,Solute carrier family 22 member 5
scaffold100,693482,693484,HYPO,scaffold100,GLEAN,mRNA,671285,725122,0.993892,-,.,,CGI_10026448,,CGI_10026448,Q63164,0,"Dynein heavy chain 1, axonemal"
scaffold156,24605,24607,HYPER,scaffold156,GLEAN,mRNA,14763,25823,0.782343,+,.,,CGI_10026471,,,,,
scaffold156,24783,24785,HYPER,scaffold156,GLEAN,mRNA,14763,25823,0.782343,+,.,,CGI_10026471,,,,,
scaffold156,23904,23906,HYPER,scaffold156,GLEAN,mRNA,14763,25823,0.782343,+,.,,CGI_10026471,,,,,
scaffold156,58408,58410,HYPER,scaffold156,GLEAN,mRNA,47452,61764,0.511907,+,.,,CGI_10026475,,,,,
scaffold145,1165040,1165042,HYPER,scaffold145,GLEAN,mRNA,1139972,1169601,0.998984,+,.,,CGI_10026576,,CGI_10026576,Q92621,0,Nuclear pore complex protein Nup205
scaffold313,189590,189592,HYPER,scaffold313,GLEAN,mRNA,172641,202546,0.999999,-,.,,CGI_10026587,,CGI_10026587,Q8TDM6,2E-100,Disks large homolog 5
scaffold601,128077,128079,HYPO,scaffold601,GLEAN,mRNA,128057,130315,1,-,.,,CGI_10026806,,,,,
scaffold211,948906,948908,HYPER,scaffold211,GLEAN,mRNA,938475,952655,0.402529,+,.,,CGI_10026970,,CGI_10026970,B6ZLK2,0,Chromodomain-helicase-DNA-binding protein 1
scaffold211,1100106,1100108,HYPER,scaffold211,GLEAN,mRNA,1077207,1113866,0.998379,+,.,,CGI_10026978,,CGI_10026978,Q32L27,8E-70,Ubiquitin-conjugating enzyme E2 Q2
scaffold211,1100041,1100043,HYPER,scaffold211,GLEAN,mRNA,1077207,1113866,0.998379,+,.,,CGI_10026978,,CGI_10026978,Q32L27,8E-70,Ubiquitin-conjugating enzyme E2 Q2
scaffold211,1100106,1100108,HYPER,scaffold211,GLEAN,mRNA,1098395,1106294,0.882689,-,.,,CGI_10026980,,CGI_10026980,Q96KP1,2E-07,Exocyst complex component 2
scaffold211,1100041,1100043,HYPER,scaffold211,GLEAN,mRNA,1098395,1106294,0.882689,-,.,,CGI_10026980,,CGI_10026980,Q96KP1,2E-07,Exocyst complex component 2
scaffold471,160705,160707,HYPER,scaffold471,GLEAN,mRNA,136382,164578,0.99778,-,.,,CGI_10027006,,CGI_10027006,Q9NS40,0,Potassium voltage-gated channel subfamily H member 7
scaffold1599,32163,32165,HYPER,scaffold1599,GLEAN,mRNA,28148,40046,0.999611,-,.,,CGI_10027129,,CGI_10027129,Q7ZUW2,0,Hypoxia up-regulated protein 1
scaffold1599,710045,710047,HYPO,scaffold1599,GLEAN,mRNA,706385,710058,0.544682,+,.,,CGI_10027160,,,,,
scaffold481,671529,671531,HYPER,scaffold481,GLEAN,mRNA,661200,686862,0.995695,+,.,,CGI_10027232,,CGI_10027232,Q14185,8E-133,Dedicator of cytokinesis protein 1
scaffold481,671517,671519,HYPER,scaffold481,GLEAN,mRNA,661200,686862,0.995695,+,.,,CGI_10027232,,CGI_10027232,Q14185,8E-133,Dedicator of cytokinesis protein 1
scaffold481,671525,671527,HYPER,scaffold481,GLEAN,mRNA,661200,686862,0.995695,+,.,,CGI_10027232,,CGI_10027232,Q14185,8E-133,Dedicator of cytokinesis protein 1
scaffold1179,1120799,1120801,HYPO,scaffold1179,GLEAN,mRNA,1109861,1124935,0.998466,+,.,,CGI_10027405,,CGI_10027405,Q5ZI08,0,Transcription elongation factor SPT5
scaffold1213,700789,700791,HYPO,scaffold1213,GLEAN,mRNA,687189,703423,1,+,.,,CGI_10027463,,CGI_10027463,Q03333,0,Neuroendocrine convertase 2
scaffold501,576832,576834,HYPER,scaffold501,GLEAN,mRNA,575399,580307,0.882009,-,.,,CGI_10027527,,CGI_10027527,P54939,2E-18,Talin-1
scaffold501,578286,578288,HYPER,scaffold501,GLEAN,mRNA,575399,580307,0.882009,-,.,,CGI_10027527,,CGI_10027527,P54939,2E-18,Talin-1
scaffold501,576820,576822,HYPER,scaffold501,GLEAN,mRNA,575399,580307,0.882009,-,.,,CGI_10027527,,CGI_10027527,P54939,2E-18,Talin-1
scaffold501,576840,576842,HYPER,scaffold501,GLEAN,mRNA,575399,580307,0.882009,-,.,,CGI_10027527,,CGI_10027527,P54939,2E-18,Talin-1
scaffold198,1113490,1113492,HYPER,scaffold198,GLEAN,mRNA,1103801,1128130,0.894821,-,.,,CGI_10027847,,,,,
scaffold337,536432,536434,HYPER,scaffold337,GLEAN,mRNA,532628,558703,0.427566,+,.,,CGI_10028069,,CGI_10028069,A0JM56,0,.
scaffold86,203515,203517,HYPER,scaffold86,GLEAN,mRNA,200665,223969,0.897284,+,.,,CGI_10028142,,,,,
scaffold86,203021,203023,HYPER,scaffold86,GLEAN,mRNA,200665,223969,0.897284,+,.,,CGI_10028142,,,,,
scaffold86,204443,204445,HYPER,scaffold86,GLEAN,mRNA,200665,223969,0.897284,+,.,,CGI_10028142,,,,,
scaffold1532,888871,888873,HYPO,scaffold1532,GLEAN,mRNA,877478,906408,0.99999,+,.,,CGI_10028273,,CGI_10028273,Q6IRN2,1E-97,Protein quaking-B
scaffold1532,890654,890656,HYPO,scaffold1532,GLEAN,mRNA,877478,906408,0.99999,+,.,,CGI_10028273,,CGI_10028273,Q6IRN2,1E-97,Protein quaking-B
scaffold419,682419,682421,HYPER,scaffold419,GLEAN,mRNA,671072,685906,0.998967,-,.,,CGI_10028358,,,,,
scaffold419,681882,681884,HYPER,scaffold419,GLEAN,mRNA,671072,685906,0.998967,-,.,,CGI_10028358,,,,,
scaffold102,1527087,1527089,HYPER,scaffold102,GLEAN,mRNA,1512059,1529295,0.864112,+,.,,CGI_10028504,,CGI_10028504,P49021,2E-40,Protein timeless
scaffold102,1628369,1628371,HYPER,scaffold102,GLEAN,mRNA,1618848,1632605,0.973548,-,.,,CGI_10028509,,CGI_10028509,Q9QXE7,0,F-box-like/WD repeat-containing protein TBL1X
scaffold150,527907,527909,HYPER,scaffold150,GLEAN,mRNA,526126,531695,0.999997,+,.,,CGI_10028612,,CGI_10028612,A4QN56,1E-29,Sodium-dependent glucose transporter 1
scaffold150,1589583,1589585,HYPER,scaffold150,GLEAN,mRNA,1577225,1599619,0.685515,+,.,,CGI_10028690,,,,,
scaffold150,1832270,1832272,HYPER,scaffold150,GLEAN,mRNA,1831339,1834965,0.999999,-,.,,CGI_10028707,,CGI_10028707,Q499M5,5E-41,.
